,AverageTemperature,rolling_mean,rolling_std
1900-01-01,14.322,20.261166666666668,4.618084113437925
1900-02-01,15.861,20.355666666666668,4.504755191276569
1900-03-01,17.122,20.432333333333336,4.434924747405685
1900-04-01,18.581000000000003,20.477833333333333,4.410828799326671
1900-05-01,22.13,20.52841666666667,4.427353969838226
1900-06-01,23.684,20.49741666666667,4.401636316774863
1900-07-01,25.939,20.526500000000002,4.4393355256266425
1900-08-01,26.692,20.574083333333334,4.50729195976985
1900-09-01,24.371,20.436083333333332,4.347687336302174
1900-10-01,23.72,20.51875,4.404289832858193
1900-11-01,20.078,20.63175,4.371271712712848
1900-12-01,16.221999999999998,20.726833333333335,4.250291537237772
1901-01-01,13.02,20.618333333333336,4.44099582062264
1901-02-01,16.456,20.667916666666667,4.386033400741964
1901-03-01,18.22,20.759416666666667,4.316232394500233
1901-04-01,19.012,20.795333333333332,4.298212828042767
1901-05-01,20.677,20.674249999999997,4.277612994628905
1901-06-01,23.989,20.699666666666666,4.2979796804234915
1901-07-01,26.211,20.722333333333335,4.3287300118107845
1901-08-01,26.813,20.732416666666666,4.344013842651909
1901-09-01,25.628,20.837166666666665,4.453505214656157
1901-10-01,23.915,20.853416666666664,4.465320480371384
1901-11-01,19.998,20.84675,4.466642935543007
1901-12-01,16.684,20.88525,4.424952780949899
1902-01-01,13.755999999999998,20.946583333333333,4.309621212174467
1902-02-01,16.664,20.963916666666666,4.290293070267783
1902-03-01,16.461000000000002,20.817333333333334,4.420634473864021
1902-04-01,18.616000000000003,20.784333333333333,4.436785001723097
1902-05-01,21.619,20.862833333333334,4.4430422999097985
1902-06-01,22.965,20.7775,4.387023001783976
1902-07-01,25.216,20.694583333333334,4.283165109595995
1902-08-01,26.282,20.650333333333332,4.2164315229680485
1902-09-01,26.0,20.68133333333333,4.257522526141926
1902-10-01,23.902,20.68025,4.256626473137859
1902-11-01,19.061,20.602166666666665,4.278815677972174
1902-12-01,14.387,20.410750000000004,4.514899397348925
1903-01-01,13.035,20.35066666666667,4.615193807283475
1903-02-01,13.746,20.107499999999998,4.89545896260456
1903-03-01,15.53,20.02991666666667,4.965380301434992
1903-04-01,18.315,20.004833333333334,4.973925152657837
1903-05-01,21.227,19.972166666666666,4.963636841769305
1903-06-01,22.918000000000003,19.96825,4.96107847741706
1903-07-01,24.459,19.905166666666666,4.892624297363469
1903-08-01,25.652,19.852666666666668,4.820830866398873
1903-09-01,24.14,19.697666666666667,4.631392218198296
1903-10-01,21.996,19.538833333333333,4.505056892655237
1903-11-01,18.131,19.461333333333336,4.52199180436981
1903-12-01,15.876,19.585416666666664,4.3885543790499675
1904-01-01,13.283,19.606083333333334,4.355361136437223
1904-02-01,15.005999999999998,19.711083333333335,4.214140340639585
1904-03-01,15.678,19.72341666666667,4.200987383035576
1904-04-01,17.389000000000006,19.646250000000002,4.237555601673279
1904-05-01,20.216,19.562,4.213250958151376
1904-06-01,22.964,19.565833333333334,4.216601514648163
1904-07-01,25.493,19.652,4.334598020578131
1904-08-01,25.992,19.680333333333333,4.378273909229787
1904-09-01,25.016,19.753333333333334,4.4658183681123385
1904-10-01,23.948,19.916,4.588790888478323
1904-11-01,18.178,19.919916666666666,4.587148598546964
1904-12-01,14.18,19.778583333333334,4.746433444910984
1905-01-01,12.195,19.687916666666666,4.8900122970347795
1905-02-01,12.345999999999998,19.46625,5.17360597166037
1905-03-01,15.02,19.411416666666668,5.220679221890445
1905-04-01,18.125,19.47275,5.199038060064558
1905-05-01,21.286,19.561916666666665,5.222068650680886
1905-06-01,23.185,19.580333333333332,5.235529865228238
1905-07-01,25.595,19.58883333333333,5.246074061677542
1905-08-01,26.249,19.610249999999997,5.275035512590485
1905-09-01,25.262,19.630750000000003,5.298379668694591
1905-10-01,23.661,19.60683333333333,5.2777276589858335
1905-11-01,21.02,19.843666666666667,5.271543647191236
1905-12-01,14.890999999999998,19.902916666666666,5.205683580268651
1906-01-01,13.825,20.03875,5.003619056152333
1906-02-01,14.539,20.2215,4.7296580406851865
1906-03-01,16.225,20.321916666666667,4.620721361596586
1906-04-01,18.072000000000006,20.3175,4.623036910162748
1906-05-01,20.368,20.241,4.613138391397084
1906-06-01,23.728,20.28625,4.6471786773364725
1906-07-01,25.982,20.3185,4.688527846097986
1906-08-01,26.072,20.303749999999997,4.668409776455892
1906-09-01,24.735,20.259833333333333,4.619751446154034
1906-10-01,22.659,20.176333333333332,4.561374759540104
1906-11-01,19.527,20.051916666666667,4.556629963996169
1906-12-01,16.014,20.145500000000002,4.451315015097922
1907-01-01,12.968,20.074083333333334,4.567303172020811
1907-02-01,13.760000000000002,20.00916666666667,4.657767429170575
1907-03-01,13.157,19.7535,4.9588365295977
1907-04-01,17.448,19.7015,4.981293159959006
1907-05-01,20.489,19.711583333333333,4.982887178011129
1907-06-01,23.568,19.698249999999998,4.971363671066505
1907-07-01,25.629,19.668833333333332,4.931687169046023
1907-08-01,26.303,19.688083333333335,4.959326373947693
1907-09-01,24.179,19.64175,4.910242562514312
1907-10-01,22.545,19.632250000000003,4.903980593262045
1907-11-01,18.315,19.53125,4.918803811072161
1907-12-01,15.287,19.47066666666667,4.970270768796339
1908-01-01,13.673,19.529416666666666,4.889937282704935
1908-02-01,13.829,19.535166666666665,4.882571394689714
1908-03-01,15.467,19.727666666666668,4.648155378668216
1908-04-01,17.430999999999997,19.726250000000004,4.648915868242815
1908-05-01,21.412,19.803166666666666,4.670269387467387
1908-06-01,23.616,19.807166666666667,4.673806251738269
1908-07-01,25.068,19.760416666666668,4.612685186394984
1908-08-01,25.722,19.712,4.540248891856023
1908-09-01,24.096,19.705083333333334,4.532882415464148
1908-10-01,21.459,19.614583333333332,4.4815791343987925
1908-11-01,17.529999999999998,19.549166666666668,4.5079251996966905
1908-12-01,13.44,19.39525,4.694356904837961
1909-01-01,13.186,19.354666666666667,4.750097900107523
1909-02-01,13.54,19.330583333333333,4.781290496362451
1909-03-01,16.59,19.424166666666668,4.709241916088222
1909-04-01,16.596000000000004,19.354583333333334,4.7473845901685205
1909-05-01,22.487,19.444166666666668,4.799593104597181
1909-06-01,24.185,19.491583333333335,4.847129993536615
1909-07-01,25.887,19.559833333333334,4.937706457517082
1909-08-01,26.633000000000003,19.63575,5.046858827303089
1909-09-01,25.855,19.782333333333334,5.211054898148262
1909-10-01,22.969,19.908166666666666,5.273084742062235
1909-11-01,20.09,20.1215,5.219638641271481
1909-12-01,16.791,20.40075,4.9101464915195425
1910-01-01,13.222,20.40375,4.905346343531703
1910-02-01,14.784,20.507416666666668,4.758038317288726
1910-03-01,13.951,20.287499999999998,5.009883876353353
1910-04-01,18.571,20.452083333333334,4.9090125735191945
1910-05-01,20.851,20.315749999999998,4.869923055673638
1910-06-01,22.714,20.193166666666666,4.781382870207635
1910-07-01,25.04,20.122583333333335,4.695163032474484
1910-08-01,25.952,20.065833333333334,4.6127101249666165
1910-09-01,24.458,19.949416666666668,4.468700084696839
1910-10-01,22.037,19.871750000000002,4.419274109974482
1910-11-01,18.663,19.75283333333333,4.432048261005133
1910-12-01,15.152,19.61625,4.555166100653772
1911-01-01,13.109000000000002,19.60683333333333,4.56967997354365
1911-02-01,12.171,19.389083333333335,4.872600956710201
1911-03-01,15.086,19.483666666666668,4.767323097415503
1911-04-01,17.948,19.43175,4.78153676561301
1911-05-01,20.87,19.433333333333334,4.782052570589184
1911-06-01,23.029,19.45958333333333,4.802518950004398
1911-07-01,24.795,19.439166666666665,4.777092018321919
1911-08-01,25.999,19.443083333333334,4.782932924060344
1911-09-01,24.746,19.46708333333333,4.81102469633941
1911-10-01,22.69,19.5215,4.8462987845458665
1911-11-01,20.071,19.638833333333334,4.840665371870284
1911-12-01,16.259,19.731083333333334,4.757213975701103
1912-01-01,13.376,19.753333333333334,4.723934114183997
1912-02-01,15.175,20.003666666666664,4.350427822918578
1912-03-01,15.994000000000002,20.079333333333334,4.264160587401857
1912-04-01,18.051,20.08791666666667,4.259581615355976
1912-05-01,19.615,19.983333333333334,4.254036956144394
1912-06-01,23.68,20.037583333333334,4.300307355999155
1912-07-01,25.156,20.067666666666668,4.337714025808618
1912-08-01,25.919,20.061,4.327819585384331
1912-09-01,24.613000000000003,20.049916666666668,4.314881763013642
1912-10-01,22.853,20.0635,4.32419485937186
1912-11-01,18.78,19.955916666666667,4.340021982733025
1912-12-01,15.418,19.885833333333334,4.411351613803405
1913-01-01,13.941,19.932916666666667,4.337958934763768
1913-02-01,13.684,19.808666666666667,4.504772183389774
1913-03-01,15.095999999999998,19.733833333333333,4.580720880808896
1913-04-01,18.34800000000001,19.758583333333334,4.571595075887477
1913-05-01,20.149,19.803083333333333,4.572669231588372
1913-06-01,22.414,19.697583333333338,4.488927619626125
1913-07-01,24.867,19.6735,4.457646943481181
1913-08-01,25.648000000000003,19.650916666666667,4.423686645534315
1913-09-01,25.474,19.72266666666667,4.517474059558917
1913-10-01,23.076,19.74125,4.531957275835667
1913-11-01,18.806,19.743416666666665,4.531462125233322
1913-12-01,14.331,19.652833333333337,4.635458197090072
1914-01-01,13.995,19.657333333333337,4.629431485483691
1914-02-01,14.399,19.716916666666666,4.5494730056115
1914-03-01,16.477,19.832,4.4380586460134115
1914-04-01,16.332,19.664,4.536408932184118
1914-05-01,20.461,19.69,4.540333768267767
1914-06-01,23.261,19.760583333333333,4.592810774526413
1914-07-01,25.077,19.77808333333333,4.614385992018135
1914-08-01,26.367,19.838,4.701382388578514
1914-09-01,24.955,19.794749999999997,4.646892473373013
1914-10-01,22.349,19.734166666666667,4.604772757858416
1914-11-01,19.581,19.798750000000002,4.595997945347258
1914-12-01,15.823,19.923083333333334,4.452578016433186
1915-01-01,14.682,19.98033333333333,4.373135058790671
1915-02-01,15.072,20.036416666666668,4.2987326136122
1915-03-01,16.641000000000002,20.050083333333333,4.286631321134718
1915-04-01,18.017000000000003,20.1905,4.1800388319205215
1915-05-01,20.738000000000003,20.213583333333336,4.182432555742314
1915-06-01,24.841,20.345250000000004,4.310013354229452
1915-07-01,25.988000000000003,20.421166666666668,4.407848121317919
1915-08-01,26.654,20.445083333333333,4.44367567874599
1915-09-01,24.443,20.402416666666667,4.398666460279493
1915-10-01,23.239,20.476583333333334,4.441764011952755
1915-11-01,20.248,20.53216666666667,4.433704070850764
1915-12-01,17.171,20.6445,4.319141486663528
1916-01-01,13.325,20.53141666666667,4.503281984151973
1916-02-01,14.93,20.519583333333333,4.519090746404887
1916-03-01,17.629,20.601916666666668,4.45048220999871
1916-04-01,18.464,20.639166666666668,4.428697260396366
1916-05-01,22.034,20.74716666666667,4.447090751436832
1916-06-01,25.497,20.80183333333333,4.505636486836793
1916-07-01,26.844,20.873166666666666,4.60097572326354
1916-08-01,25.89,20.8095,4.518252830062024
1916-09-01,25.08,20.862583333333333,4.56828721550355
1916-10-01,21.958,20.75583333333333,4.52244466941041
1916-11-01,20.97,20.816,4.519876265402107
1916-12-01,17.703,20.860333333333333,4.4833353520328725
1917-01-01,14.835,20.986166666666666,4.2686663838919925
1917-02-01,15.064,20.997333333333334,4.251524289931627
1917-03-01,16.945999999999998,20.940416666666668,4.304952802155643
1917-04-01,18.965000000000003,20.982166666666664,4.281116248518974
1917-05-01,19.744,20.79133333333333,4.281006834279919
1917-06-01,23.225,20.602,4.100404458986039
1917-07-01,25.313,20.474416666666666,3.9078256092645827
1917-08-01,26.574,20.53141666666667,3.9979483024155957
1917-09-01,24.53,20.485583333333334,3.943848454084886
1917-10-01,22.321,20.515833333333337,3.957537223929517
1917-11-01,20.774,20.4995,3.9558965309568235
1917-12-01,14.762,20.254416666666668,4.226733048721127
1918-01-01,13.96,20.1815,4.334888034624095
1918-02-01,14.220999999999998,20.111250000000002,4.4311226799249575
1918-03-01,16.086000000000002,20.039583333333336,4.493485455398591
1918-04-01,18.501,20.00091666666667,4.505553088000159
1918-05-01,21.038,20.10875,4.514321596571584
1918-06-01,23.529,20.134083333333333,4.534208249184148
1918-07-01,25.911,20.18391666666667,4.599123206128685
1918-08-01,26.018,20.137583333333335,4.5311936909771795
1918-09-01,25.769,20.24083333333333,4.652863064497985
1918-10-01,25.107,20.473,4.832147555694038
1918-11-01,20.898000000000003,20.483333333333334,4.832982258931992
1918-12-01,15.897,20.577916666666667,4.7206349622661525
1919-01-01,15.128,20.675250000000002,4.581776394785983
1919-02-01,15.867,20.812416666666667,4.3916819403448795
1919-03-01,17.630000000000006,20.941083333333335,4.2613023288519
1919-04-01,18.144,20.911333333333335,4.281086530168214
1919-05-01,18.938,20.736333333333334,4.318198495023601
1919-06-01,22.408,20.642916666666668,4.264078104741187
1919-07-01,25.68,20.62366666666667,4.2385786925965165
1919-08-01,25.613000000000003,20.589916666666667,4.193089432915079
1919-09-01,25.035,20.528750000000002,4.11530352630717
1919-10-01,24.119,20.446416666666668,4.024257479977069
1919-11-01,20.7,20.429916666666667,4.02264319386537
1919-12-01,15.238,20.375,4.094016876103232
1920-01-01,14.206,20.29816666666667,4.208491714991417
1920-02-01,12.226,19.99475,4.663643954229148
1920-03-01,15.553,19.82166666666667,4.79604885359402
1920-04-01,18.451,19.84725,4.787096655214259
1920-05-01,20.356,19.965416666666666,4.780108109434209
1920-06-01,23.816,20.08275,4.862092163312553
1920-07-01,25.985,20.108166666666666,4.894699709116396
1920-08-01,27.07,20.229583333333334,5.058979118329789
1920-09-01,24.945,20.222083333333334,5.051268219842197
1920-10-01,22.72,20.1055,4.968619206397458
1920-11-01,18.775,19.945083333333333,4.97874521355683
1920-12-01,14.957,19.921666666666667,5.003496092884959
1921-01-01,14.479,19.944416666666665,4.975688795777337
1921-02-01,13.68,20.065583333333333,4.784682500311568
1921-03-01,14.579,19.984416666666664,4.875590266518464
1921-04-01,18.012,19.94783333333333,4.889768405620654
1921-05-01,20.901,19.99325,4.896430613212025
1921-06-01,23.244,19.945583333333335,4.858470138153904
1921-07-01,25.645,19.91725,4.820894072585582
1921-08-01,27.189,19.92716666666667,4.837040339135506
1921-09-01,24.913,19.9245,4.834030400099983
1921-10-01,22.213,19.88225,4.809529746904944
1921-11-01,19.376,19.932333333333332,4.800071274723338
1921-12-01,15.371,19.966833333333334,4.762400690128166
1922-01-01,14.114,19.936416666666666,4.801640864582037
1922-02-01,14.873,20.035833333333333,4.6708977107449385
1922-03-01,16.811,20.221833333333333,4.47414296177761
1922-04-01,18.533,20.265249999999998,4.453228473917431
1922-05-01,20.739,20.251749999999998,4.451371149840939
1922-06-01,23.853,20.3025,4.491874391103832
1922-07-01,26.452,20.36975,4.584222589491033
1922-08-01,27.179,20.368916666666667,4.582870983015948
1922-09-01,25.79,20.442,4.66812331378758
1922-10-01,24.032,20.593583333333335,4.759498225239764
1922-11-01,20.269,20.668000000000003,4.745691328122599
1922-12-01,14.618,20.60525,4.826390409650208
1923-01-01,14.348,20.624750000000002,4.7981698807509225
1923-02-01,14.909,20.627750000000002,4.794256395559534
1923-03-01,15.953,20.556250000000002,4.862268440384951
1923-04-01,17.765,20.49225,4.896256290176279
1923-05-01,21.796,20.580333333333332,4.910585566514494
1923-06-01,24.881,20.666,4.981325836653225
1923-07-01,25.5,20.58666666666667,4.8874971533743405
1923-08-01,26.265,20.5105,4.781392978848496
1923-09-01,25.581,20.493083333333335,4.760749720528797
1923-10-01,22.765,20.3875,4.688632452296421
1923-11-01,21.305,20.473833333333335,4.69578476030912
1923-12-01,16.814,20.656833333333335,4.484884387550791
1924-01-01,13.475,20.584083333333332,4.6020737313506555
1924-02-01,15.332,20.619333333333334,4.556043006687683
1924-03-01,16.784000000000002,20.688583333333334,4.4844212651504085
1924-04-01,19.095,20.79941666666667,4.421590981830626
1924-05-01,21.225,20.751833333333334,4.412955180402616
1924-06-01,25.1,20.770083333333336,4.431995722395633
1924-07-01,26.477,20.851499999999998,4.534571133374822
1924-08-01,27.206,20.929916666666667,4.6435251784967395
1924-09-01,26.432,21.000833333333336,4.726766929525978
1924-10-01,23.67,21.076249999999998,4.764542296533255
1924-11-01,19.369,20.914916666666667,4.788808268117208
1924-12-01,15.71,20.822916666666668,4.884405639069052
1925-01-01,12.711,20.75925,4.99266984734073
1925-02-01,14.648,20.702250000000003,5.0636639649565875
1925-03-01,17.258,20.74175,5.032070532187418
1925-04-01,17.486,20.607666666666667,5.100904150394813
1925-05-01,21.034,20.59175,5.099100404171118
1925-06-01,23.357,20.4465,4.982498396660772
1925-07-01,25.652,20.377750000000002,4.896675813521575
1925-08-01,26.541,20.322333333333333,4.8154634881868335
1925-09-01,25.403,20.236583333333332,4.704663884397208
1925-10-01,23.772,20.245083333333334,4.711518177602491
1925-11-01,21.274,20.403833333333335,4.711409436547387
1925-12-01,16.64,20.481333333333335,4.634195651171109
1926-01-01,14.43,20.624583333333334,4.3924291365595005
1926-02-01,15.259,20.6755,4.31979163007576
1926-03-01,15.91,20.563166666666667,4.432789555395577
1926-04-01,18.964,20.686333333333334,4.359443194915704
1926-05-01,22.141,20.778583333333334,4.379137076854143
1926-06-01,24.669,20.887916666666666,4.464902736563199
1926-07-01,25.259,20.855166666666666,4.428070887856092
1926-08-01,25.132,20.73775,4.279794942517674
1926-09-01,24.293000000000003,20.64525,4.1806443854114885
1926-10-01,22.829,20.566666666666666,4.125020734566791
1926-11-01,21.172,20.55816666666667,4.123535526999146
1926-12-01,15.605,20.47191666666667,4.222575247369413
1927-01-01,14.561,20.482833333333332,4.205670497475191
1927-02-01,12.864,20.28325,4.5211069868300555
1927-03-01,16.467000000000002,20.329666666666668,4.474748206899626
1927-04-01,17.889000000000006,20.240083333333335,4.5151521963340855
1927-05-01,21.795,20.211250000000003,4.502997973572708
1927-06-01,24.711,20.214750000000002,4.506792512419438
1927-07-01,27.324,20.386833333333335,4.749780776440352
1927-08-01,27.238000000000003,20.562333333333335,4.974634446749606
1927-09-01,25.939,20.699500000000004,5.1077637964181415
1927-10-01,24.527,20.841,5.194896796594959
1927-11-01,21.268,20.849,5.195526747291175
1927-12-01,16.912,20.95791666666667,5.088190953005031
1928-01-01,15.553,21.040583333333334,4.98175886169337
1928-02-01,13.798000000000002,21.11841666666667,4.8478949219472804
1928-03-01,15.397,21.02925,4.949990452240544
1928-04-01,20.465000000000003,21.243916666666667,4.856398655538376
1928-05-01,22.76,21.324333333333335,4.874310213825732
1928-06-01,23.869,21.254166666666666,4.826956858637885
1928-07-01,25.63,21.113000000000003,4.6550123718222265
1928-08-01,27.021,21.094916666666666,4.629406568259288
1928-09-01,25.926,21.093833333333333,4.62817130258382
1928-10-01,23.286,20.99041666666667,4.557813340514234
1928-11-01,20.427,20.920333333333335,4.559622518931951
1928-12-01,15.418,20.795833333333334,4.697336437393052
1929-01-01,13.248,20.60375,4.970406973002572
1929-02-01,13.001,20.537333333333333,5.073863873426294
1929-03-01,14.943,20.4995,5.1171849772026965
1929-04-01,17.315,20.237,5.199251502073937
1929-05-01,23.08,20.263666666666666,5.214167454390407
1929-06-01,24.217,20.292666666666666,5.2369603316381355
1929-07-01,25.427,20.27575,5.218447228560678
1929-08-01,26.84,20.26066666666667,5.197397571395843
1929-09-01,25.907,20.259083333333333,5.195517341609937
1929-10-01,22.401,20.185333333333332,5.15476583249702
1929-11-01,20.869,20.222166666666666,5.158227634889065
1929-12-01,15.253,20.208416666666665,5.172398484584616
1930-01-01,14.226,20.289916666666667,5.059221723444189
1930-02-01,14.405,20.406916666666664,4.888694182561018
1930-03-01,16.449,20.532416666666666,4.753126769120849
1930-04-01,19.448,20.71016666666667,4.660856375336511
1930-05-01,20.958,20.533333333333335,4.602662022891705
1930-06-01,24.513,20.558,4.624937542575807
1930-07-01,26.234,20.625249999999998,4.707306354342813
1930-08-01,26.593000000000004,20.604666666666667,4.67811056135298
1930-09-01,25.524,20.572750000000003,4.639796040286083
1930-10-01,23.466,20.6615,4.687882435308355
1930-11-01,20.061,20.594166666666666,4.690433180873841
1930-12-01,17.878999999999994,20.813000000000002,4.474891669587691
1931-01-01,14.890999999999998,20.86841666666667,4.389200309402666
1931-02-01,14.569,20.882083333333334,4.367447006668822
1931-03-01,17.182000000000002,20.943166666666666,4.304481192122132
1931-04-01,18.276000000000003,20.8455,4.354495388780305
1931-05-01,20.849,20.83641666666667,4.3543530666205434
1931-06-01,24.035,20.796583333333334,4.319710921690195
1931-07-01,26.312,20.803083333333337,4.328685932418175
1931-08-01,27.085,20.844083333333334,4.390401834132198
1931-09-01,26.222,20.90225,4.462079399582851
1931-10-01,23.56,20.910083333333333,4.467069030102044
1931-11-01,19.352,20.851000000000003,4.483977069927567
1931-12-01,15.916,20.687416666666667,4.63550410043518
1932-01-01,13.782,20.595000000000002,4.770655796352592
1932-02-01,14.48,20.587583333333335,4.7809338467468425
1932-03-01,16.605,20.5395,4.8210319623311
1932-04-01,17.967000000000006,20.513749999999998,4.83502569561658
1932-05-01,20.311,20.46891666666667,4.834128697619809
1932-06-01,24.036,20.469,4.834195768405807
1932-07-01,26.095,20.450916666666668,4.810700562445664
1932-08-01,26.334,20.388333333333335,4.72059170661962
1932-09-01,25.609,20.33725,4.6545796241199495
1932-10-01,24.944000000000003,20.452583333333333,4.757698382780799
1932-11-01,20.389,20.539,4.7452921933217
1932-12-01,16.066,20.5515,4.732186723050777
1933-01-01,14.068,20.575333333333333,4.695571692046814
1933-02-01,15.699000000000002,20.676916666666667,4.563033649156359
1933-03-01,15.933000000000002,20.62091666666667,4.621300927785527
1933-04-01,16.438000000000002,20.4935,4.721126050193751
1933-05-01,20.292,20.49191666666667,4.721196005219106
1933-06-01,24.076,20.495250000000002,4.7239390559728145
1933-07-01,24.789,20.386416666666666,4.59652591061658
1933-08-01,25.549,20.321,4.508937810817319
1933-09-01,23.895,20.178166666666666,4.350563575474139
1933-10-01,21.951,19.92875,4.132847403315398
1933-11-01,21.845,20.050083333333333,4.1688043513334705
1933-12-01,16.357,20.074333333333335,4.1442963506998565
1934-01-01,14.184,20.084,4.129120311331998
1934-02-01,12.425,19.81116666666667,4.533559505276038
1934-03-01,17.102999999999998,19.908666666666665,4.454463488423369
1934-04-01,18.422,20.074,4.349517465399822
1934-05-01,21.771,20.19725,4.377123611875299
1934-06-01,24.229,20.209999999999997,4.389653931275623
1934-07-01,25.697,20.285666666666668,4.482601726946543
1934-08-01,26.408,20.35725,4.580092280233492
1934-09-01,25.11,20.458499999999997,4.677797043675373
1934-10-01,23.459,20.584166666666665,4.741361289628512
1934-11-01,21.239,20.533666666666665,4.729924837637152
1934-12-01,16.323999999999998,20.530916666666666,4.732582774732719
1935-01-01,14.385,20.547666666666668,4.708370792020461
1935-02-01,15.199000000000002,20.77883333333333,4.325879581254545
1935-03-01,16.605999999999998,20.737416666666665,4.366460798119571
1935-04-01,18.595,20.751833333333334,4.358399202237039
1935-05-01,22.596,20.82058333333333,4.382378048053414
1935-06-01,24.865,20.873583333333332,4.430923409984803
1935-07-01,25.488000000000003,20.856166666666667,4.410604552116565
1935-08-01,26.23,20.841333333333335,4.390489190663517
1935-09-01,25.248,20.852833333333333,4.4028498794083255
1935-10-01,23.662,20.86975,4.414149112384343
1935-11-01,18.941,20.678250000000002,4.446403043216745
1935-12-01,16.402,20.684749999999998,4.439510765941327
1936-01-01,15.976,20.817333333333334,4.2541567978397214
1936-02-01,15.744000000000002,20.862750000000002,4.1911664708483585
1936-03-01,17.604,20.94591666666667,4.108098110237044
1936-04-01,19.586,21.0285,4.066290413543106
1936-05-01,21.12,20.9055,4.036781605099856
1936-06-01,23.444000000000003,20.78708333333333,3.929489151584986
1936-07-01,26.243,20.85,4.016677075303984
1936-08-01,27.013,20.91525,4.117123005316811
1936-09-01,24.65,20.865416666666665,4.063177830631238
1936-10-01,24.579,20.94183333333333,4.12865049123654
1936-11-01,20.814,21.097916666666666,4.081265032456401
1936-12-01,14.470999999999998,20.937,4.314643438338774
1937-01-01,12.903,20.680916666666665,4.709027296940758
1937-02-01,15.752,20.681583333333332,4.708265333110439
1937-03-01,17.368000000000002,20.661916666666666,4.722759795218595
1937-04-01,19.163,20.62666666666667,4.733087639803478
1937-05-01,21.182,20.631833333333333,4.733708921291528
1937-06-01,23.885,20.668583333333334,4.759169206687091
1937-07-01,26.114,20.657833333333333,4.745559279872893
1937-08-01,26.829,20.642500000000002,4.7234039632451355
1937-09-01,26.423,20.79025,4.8851180152302485
1937-10-01,23.923,20.735583333333334,4.842349100447623
1937-11-01,21.105,20.759833333333333,4.843506014773943
1937-12-01,16.836,20.956916666666668,4.606674968472526
1938-01-01,14.109000000000002,21.05741666666667,4.424551162821385
1938-02-01,13.605,20.8785,4.693807496924182
1938-03-01,14.808000000000002,20.665166666666668,4.920563009791987
1938-04-01,17.948,20.563916666666668,4.966568368205602
1938-05-01,20.635,20.518333333333334,4.9628886993790315
1938-06-01,23.238000000000003,20.464416666666665,4.926368429331591
1938-07-01,26.11,20.464083333333335,4.925951527062518
1938-08-01,27.374,20.5095,4.992039253560688
1938-09-01,25.46,20.42925,4.8951339683589525
1938-10-01,22.978,20.3505,4.841122343574308
1938-11-01,19.095,20.183000000000003,4.847412205590623
1938-12-01,16.099,20.121583333333334,4.8980779061017685
1939-01-01,14.84,20.1825,4.820432581493816
1939-02-01,14.753,20.278166666666667,4.687589142586712
1939-03-01,15.88,20.367500000000003,4.5829108752962835
1939-04-01,18.75,20.43433333333333,4.550150034156367
1939-05-01,22.868,20.620416666666667,4.604439171422854
1939-06-01,23.332,20.628249999999998,4.609374501540788
1939-07-01,26.164,20.632749999999998,4.615235325921768
1939-08-01,26.63,20.57075,4.5204665512432385
1939-09-01,26.305,20.641166666666667,4.609260951080049
1939-10-01,24.735,20.787583333333334,4.716890143811674
1939-11-01,20.223,20.88158333333333,4.691263281275339
1939-12-01,16.867,20.945583333333335,4.624854660288008
1940-01-01,14.072,20.881583333333335,4.72133393050451
1940-02-01,15.394,20.935,4.648760655955893
1940-03-01,16.396,20.977999999999998,4.599881816663615
1940-04-01,18.849,20.98625,4.595609369525717
1940-05-01,21.196,20.846916666666665,4.55856762707387
1940-06-01,24.392,20.93525,4.62094313720398
1940-07-01,25.828000000000003,20.90725,4.587275268213525
1940-08-01,25.809,20.838833333333337,4.499445962526587
1940-09-01,24.987,20.729000000000003,4.368052426425288
1940-10-01,24.221,20.686166666666665,4.327530407084653
1940-11-01,20.426,20.703083333333336,4.325951738862737
1940-12-01,15.11,20.556666666666665,4.4940590547831745
1941-01-01,15.892,20.708333333333332,4.280977104551812
1941-02-01,16.629,20.81125,4.154582729840717
1941-03-01,16.558,20.824749999999998,4.139166036446541
1941-04-01,19.103,20.845916666666668,4.12878045957074
1941-05-01,23.497,21.037666666666667,4.199346016905109
1941-06-01,24.039,21.00825,4.174877703706891
1941-07-01,26.217,21.040666666666667,4.217001505450233
1941-08-01,26.818,21.12475,4.329285645986562
1941-09-01,24.698,21.100666666666665,4.306591529975932
1941-10-01,21.89,20.90641666666667,4.204411178281739
1941-11-01,20.559,20.9175,4.203204740541309
1941-12-01,14.638,20.87816666666667,4.264256619289153
1942-01-01,12.76,20.617166666666666,4.673406871638575
1942-02-01,14.979,20.479666666666667,4.823282781247504
1942-03-01,16.467000000000002,20.472083333333334,4.830075840893986
1942-04-01,18.97300000000001,20.461250000000003,4.833570224341034
1942-05-01,21.961,20.333250000000003,4.765732570320964
1942-06-01,25.177,20.428083333333333,4.8566326429726745
1942-07-01,26.093000000000004,20.41775,4.843309633354585
1942-08-01,26.039,20.352833333333333,4.7541255927368
1942-09-01,24.863000000000003,20.366583333333335,4.7680534709160955
1942-10-01,23.143,20.471,4.817907222020768
1942-11-01,20.151,20.437,4.818669318390699
1942-12-01,16.741,20.612250000000003,4.622856046074455
1943-01-01,13.906,20.70775,4.454673687161695
1943-02-01,14.133,20.63725,4.559051060054239
1943-03-01,14.624,20.483666666666668,4.739769352526702
1943-04-01,16.262999999999998,20.257833333333334,4.880754912424041
1943-05-01,20.74,20.15608333333333,4.854678389466332
1943-06-01,22.889,19.965416666666666,4.681393624248171
1943-07-01,25.804,19.941333333333333,4.647626243252528
1943-08-01,26.848000000000003,20.008750000000003,4.748882090938484
1943-09-01,26.214,20.121333333333336,4.888390483088622
1943-10-01,25.164,20.28975,5.0345860554766455
1943-11-01,22.422,20.479,5.071444800413019
1943-12-01,18.105,20.59266666666667,4.994754217873946
1944-01-01,13.84,20.587166666666665,5.0028164764430025
1944-02-01,14.71,20.63525,4.937490863052522
1944-03-01,16.488,20.790583333333334,4.757214529883343
1944-04-01,18.83,21.0045,4.589887530806653
1944-05-01,20.448,20.980166666666666,4.592190699899371
1944-06-01,24.579,21.121,4.6811062989231536
1944-07-01,25.717,21.11375,4.673254795788849
1944-08-01,26.162,21.056583333333332,4.600359698551891
1944-09-01,25.361,20.9855,4.519300277697848
1944-10-01,23.667,20.86075,4.4128804677588
1944-11-01,19.75,20.638083333333334,4.394314021516537
1944-12-01,16.21,20.480166666666666,4.525705486608141
1945-01-01,13.536,20.454833333333337,4.5669170789560525
1945-02-01,13.397,20.34541666666667,4.729888379585
1945-03-01,14.095,20.146,4.952511998058054
1945-04-01,17.058000000000003,19.99833333333333,5.0212579795276
1945-05-01,22.349,20.15675,5.066517830997742
1945-06-01,23.753,20.08791666666667,5.006227893304185
1945-07-01,26.04,20.114833333333333,5.039999257455441
1945-08-01,27.735,20.24591666666667,5.22850612174753
1945-09-01,25.838,20.285666666666668,5.2725567083175235
1945-10-01,22.582,20.195249999999998,5.218324585273765
1945-11-01,19.999,20.215999999999998,5.216888013505219
1945-12-01,15.047,20.119083333333332,5.308080777256378
1946-01-01,14.992,20.240416666666665,5.1584553089313765
1946-02-01,13.933,20.285083333333333,5.095751215176186
1946-03-01,15.874,20.433333333333334,4.9222156196229845
1946-04-01,18.34800000000001,20.540833333333335,4.855431238844948
1946-05-01,21.562,20.47525,4.834055687139269
1946-06-01,24.431,20.531750000000002,4.879596148062019
1946-07-01,26.313,20.5545,4.908164506022765
1946-08-01,27.402,20.52675,4.864624644493968
1946-09-01,26.927,20.617500000000003,4.98146837607327
1946-10-01,23.354,20.681833333333334,5.0140240205634985
1946-11-01,21.765,20.829,5.018075491297784
1946-12-01,15.773,20.8895,4.945885222724391
1947-01-01,14.022,20.808666666666667,5.057696463327093
1947-02-01,15.623,20.9495,4.868839389423301
1947-03-01,18.000999999999998,21.12675,4.703166324644768
1947-04-01,18.762,21.16125,4.682402416106874
1947-05-01,22.215,21.215666666666667,4.691269169877409
1947-06-01,24.422,21.214916666666664,4.69070908495686
1947-07-01,26.769,21.252916666666668,4.737378723961414
1947-08-01,27.29,21.243583333333333,4.724254947672269
1947-09-01,25.406,21.116833333333332,4.575986070253205
1947-10-01,22.88,21.077333333333332,4.55692532572592
1947-11-01,19.909,20.922666666666665,4.56295666373804
1947-12-01,17.155,21.03783333333333,4.436864102111526
1948-01-01,15.793,21.185416666666665,4.205714542215854
1948-02-01,14.412,21.084500000000002,4.362910486027735
1948-03-01,13.955000000000002,20.747333333333334,4.761039694194625
1948-04-01,17.229000000000006,20.619583333333335,4.839081138517042
1948-05-01,21.244,20.538666666666668,4.818050724917565
1948-06-01,23.959,20.500083333333333,4.785872001067929
1948-07-01,25.356,20.38233333333333,4.632538168087531
1948-08-01,26.162,20.288333333333334,4.488846426691845
1948-09-01,24.939,20.249416666666665,4.442226907927493
1948-10-01,22.473000000000003,20.215500000000002,4.421823245922628
1948-11-01,19.271,20.162333333333336,4.429672126863913
1948-12-01,14.692,19.957083333333333,4.634033280736082
1949-01-01,13.27,19.746833333333335,4.890286677473901
1949-02-01,12.834,19.615333333333336,5.064881338165477
1949-03-01,14.967,19.69966666666667,4.96959424598195
1949-04-01,15.840000000000002,19.583916666666667,5.0479302051494885
1949-05-01,21.976,19.644916666666667,5.07416922816539
1949-06-01,23.759,19.62825,5.059016794972926
1949-07-01,25.283,19.62216666666667,5.051541561891291
1949-08-01,25.464,19.564,4.972796816864544
1949-09-01,23.804,19.469416666666667,4.8710220405677624
1949-10-01,22.282,19.453500000000002,4.860616169319945
1949-11-01,20.564,19.561249999999998,4.870524222765492
1949-12-01,16.456,19.70825,4.734935367227109
1950-01-01,13.076,19.692083333333333,4.759185214037703
1950-02-01,13.433000000000002,19.742,4.683250619349375
1950-03-01,16.025000000000002,19.830166666666667,4.594298676983601
1950-04-01,19.761000000000006,20.156916666666667,4.420875591149809
1950-05-01,21.008000000000003,20.07625,4.393411847196987
1950-06-01,24.206,20.1135,4.429224034236073
1950-07-01,26.464,20.211916666666667,4.565554540814449
1950-08-01,26.79,20.32241666666667,4.717736831427329
1950-09-01,25.972,20.503083333333333,4.901132827461847
1950-10-01,22.731,20.540499999999998,4.9176343259372475
1950-11-01,20.033,20.49625,4.91979220043433
1950-12-01,17.368,20.57225,4.858366020213334
1951-01-01,14.731,20.710166666666666,4.645027739095819
1951-02-01,15.253,20.861833333333333,4.40956181771413
1951-03-01,17.338,20.97125,4.293392071226741
1951-04-01,18.745,20.886583333333334,4.329295900308058
1951-05-01,22.176,20.983916666666666,4.345373725078889
1951-06-01,24.215,20.984666666666666,4.3459811390071605
1951-07-01,26.113000000000003,20.955416666666668,4.306754894313919
1951-08-01,27.113000000000003,20.982333333333333,4.347353329290926
1951-09-01,26.431,21.020583333333335,4.396981701500844
1951-10-01,23.453000000000003,21.080750000000002,4.427349034949995
1951-11-01,19.602,21.044833333333333,4.438356121426714
1951-12-01,14.767,20.828083333333336,4.690584155486063
1952-01-01,14.213,20.784916666666668,4.753753721741338
1952-02-01,14.817,20.748583333333332,4.801306686883798
1952-03-01,16.037000000000006,20.64016666666667,4.8990156123140585
1952-04-01,18.692,20.63575,4.900903035990585
1952-05-01,21.257,20.55916666666667,4.881789516026658
1952-06-01,23.801,20.52466666666667,4.854994061101749
1952-07-01,25.757,20.495,4.818693919612348
1952-08-01,27.287,20.509500000000003,4.840630490489277
1952-09-01,27.093000000000004,20.564666666666668,4.917413664876595
1952-10-01,23.844,20.59725,4.939537577271039
1952-11-01,20.031,20.633,4.933228023036503
1952-12-01,17.261,20.840833333333332,4.711168718796814
1953-01-01,13.481,20.779833333333332,4.808520256857194
1953-02-01,15.16,20.80841666666667,4.7707239675171245
1953-03-01,14.145,20.65075,4.9698571247983585
1953-04-01,18.163,20.606666666666666,4.991111705883368
1953-05-01,21.614,20.636416666666666,4.99640164078715
1953-06-01,24.238000000000003,20.672833333333333,5.023085104763495
1953-07-01,26.752,20.75575,5.121880321007822
1953-08-01,26.824,20.717166666666667,5.06968535572579
1953-09-01,24.898000000000003,20.53425,4.8537279042177195
1953-10-01,23.259,20.485500000000002,4.820285911927547
1953-11-01,18.077,20.322666666666667,4.8697848063960665
1953-12-01,14.675,20.107166666666668,5.07066337480669
1954-01-01,13.409,20.101166666666668,5.079252071521999
1954-02-01,14.514,20.04733333333333,5.139449428123828
1954-03-01,16.546,20.24741666666667,4.931298380720526
1954-04-01,17.480999999999998,20.190583333333333,4.961343741336302
1954-05-01,21.433000000000003,20.1755,4.95689605040749
1954-06-01,24.482,20.195833333333333,4.975540881211407
1954-07-01,26.419,20.168083333333335,4.9364260067073715
1954-08-01,27.295,20.207333333333334,4.995675827122581
1954-09-01,25.31,20.241666666666667,5.032126377465871
1954-10-01,23.095,20.227999999999998,5.023401817312819
1954-11-01,19.748,20.367250000000002,4.981339143151249
1954-12-01,15.442,20.431166666666666,4.906011985927115
1955-01-01,15.686,20.620916666666666,4.6469169732264985
1955-02-01,17.034000000000002,20.830916666666667,4.396016284574289
1955-03-01,17.061,20.873833333333334,4.352681615099381
1955-04-01,18.812,20.984750000000002,4.274622984438606
1955-05-01,21.409,20.98275,4.274399801035323
1955-06-01,25.282,21.04941666666667,4.339678422487773
1955-07-01,26.684,21.0715,4.370054597120966
1955-08-01,26.531,21.007833333333334,4.275689159407953
1955-09-01,25.917,21.05841666666667,4.33440014636256
1955-10-01,24.047,21.13775,4.383499061563397
1955-11-01,20.287,21.182666666666666,4.370706877160777
1955-12-01,16.028,21.2315,4.303493116062799
1956-01-01,15.085,21.181416666666667,4.376771069227193
1956-02-01,15.444,21.048916666666667,4.534950986170589
1956-03-01,15.139,20.88875,4.718815146449746
1956-04-01,18.22300000000001,20.83966666666667,4.745369059952178
1956-05-01,20.544,20.767583333333334,4.742503452020266
1956-06-01,24.431,20.69666666666667,4.674739104695534
1956-07-01,26.378,20.671166666666668,4.639814138780146
1956-08-01,27.28,20.733583333333332,4.729971256078967
1956-09-01,25.775,20.72175,4.715981554536359
1956-10-01,22.321,20.577916666666667,4.630897801395491
1956-11-01,19.716,20.530333333333335,4.637088199473553
1956-12-01,15.101,20.453083333333336,4.725785176865183
1957-01-01,13.015,20.280583333333336,4.97096287468686
1957-02-01,14.617,20.21166666666667,5.049228876019005
1957-03-01,16.008,20.28408333333333,4.975556350040078
1957-04-01,18.535,20.310083333333335,4.964610091040434
1957-05-01,21.044,20.35175,4.968848140254339
1957-06-01,24.288,20.339833333333335,4.958335953144193
1957-07-01,26.08,20.315,4.92598588194189
1957-08-01,26.963,20.288583333333335,4.8859260861884595
1957-09-01,25.929,20.301416666666668,4.901823101632379
1957-10-01,23.923,20.434916666666666,4.982969623141549
1957-11-01,20.574,20.506416666666667,4.977869249503389
1957-12-01,15.787,20.563583333333334,4.913674360363829
1958-01-01,14.419,20.680583333333335,4.730910722593635
1958-02-01,15.234000000000002,20.732,4.661868353509616
1958-03-01,17.68,20.871333333333336,4.530991710297846
1958-04-01,19.309,20.93583333333333,4.500113671964963
1958-05-01,21.473000000000003,20.971583333333335,4.502754358235188
1958-06-01,24.307,20.973166666666668,4.504029707501997
1958-07-01,25.968000000000004,20.963833333333337,4.49258669837591
1958-08-01,26.951,20.962833333333332,4.49113105481404
1958-09-01,25.103,20.894000000000002,4.413761043084964
1958-10-01,22.777,20.7985,4.354261830770976
1958-11-01,20.408,20.78466666666667,4.35530346157695
1958-12-01,17.377,20.917166666666667,4.211242482026434
1959-01-01,14.6,20.93225,4.186101356654153
1959-02-01,12.527,20.706666666666667,4.57587955446487
1959-03-01,15.622000000000002,20.535166666666665,4.735413850270454
1959-04-01,18.53700000000001,20.470833333333335,4.758772833282525
1959-05-01,21.714,20.490916666666667,4.763892534822049
1959-06-01,23.974,20.46316666666667,4.740555487844568
1959-07-01,25.603,20.432750000000002,4.7030466358617815
1959-08-01,26.581,20.40191666666667,4.657419407555937
1959-09-01,24.613000000000003,20.361083333333333,4.614405712909653
1959-10-01,21.439,20.249583333333334,4.566639951536534
1959-11-01,19.741,20.194,4.56859528838907
1959-12-01,16.368,20.109916666666667,4.633971778827489
1960-01-01,14.726,20.120416666666667,4.620475112491292
1960-02-01,15.432,20.3625,4.247509591192541
1960-03-01,16.875,20.466916666666666,4.1342713650287735
1960-04-01,19.497000000000003,20.546916666666664,4.102699298983378
1960-05-01,22.676,20.62708333333333,4.136833977338289
1960-06-01,23.913,20.622,4.13238249571709
1960-07-01,26.052,20.659416666666665,4.18330203326452
1960-08-01,26.891,20.68525,4.223953859187547
1960-09-01,25.534,20.762,4.309314625953234
1960-10-01,24.882,21.048916666666667,4.470106109343245
1960-11-01,21.134,21.165,4.451100211285858
1960-12-01,18.794,21.367166666666666,4.264602716940145
1961-01-01,14.441,21.343416666666666,4.30554738275535
1961-02-01,13.879,21.214,4.517509430487709
1961-03-01,15.489,21.098499999999998,4.654181179815133
1961-04-01,18.754,21.036583333333333,4.682280921600903
1961-05-01,21.821,20.965333333333334,4.661525351862899
1961-06-01,25.479,21.095833333333335,4.772154932205116
1961-07-01,25.92,21.084833333333336,4.7598284314636405
1961-08-01,26.668000000000003,21.06625,4.735472216541481
1961-09-01,24.224,20.957083333333333,4.637194046919732
1961-10-01,22.127,20.7275,4.491107243512137
1961-11-01,19.419,20.584583333333335,4.504263787252189
1961-12-01,15.956,20.34808333333333,4.677982499449033
1962-01-01,15.021,20.396416666666667,4.613959775573035
1962-02-01,13.941,20.401583333333335,4.60602606194681
1962-03-01,17.95,20.606666666666666,4.41837395703921
1962-04-01,18.171000000000006,20.558083333333336,4.443729871880415
1962-05-01,21.214,20.507500000000004,4.431484986076122
1962-06-01,24.844,20.454583333333336,4.370089128659066
1962-07-01,26.309,20.487000000000002,4.4155229691293645
1962-08-01,27.421,20.54975,4.515565184095795
1962-09-01,25.948,20.693416666666668,4.667946082463656
1962-10-01,24.055,20.854083333333335,4.75415839905795
1962-11-01,22.311,21.095083333333335,4.7480944782346475
1962-12-01,16.316,21.125083333333336,4.713684844217524
1963-01-01,15.321,21.150083333333335,4.6790356710123495
1963-02-01,15.875,21.31125,4.435098115651386
1963-03-01,15.831,21.134666666666668,4.619445132625049
1963-04-01,18.889000000000006,21.1945,4.582067268662191
1963-05-01,21.25,21.1975,4.582092981477899
1963-06-01,24.257,21.148583333333335,4.542588378253345
1963-07-01,26.757,21.185916666666667,4.590443758670297
1963-08-01,27.446,21.188000000000002,4.5935353784124935
1963-09-01,26.206,21.209500000000002,4.61837650538092
1963-10-01,24.318,21.231416666666668,4.63370610474504
1963-11-01,20.424,21.074166666666667,4.625750510768897
1963-12-01,16.575,21.095750000000002,4.602074692709002
1964-01-01,13.122,20.912499999999998,4.88783267642492
1964-02-01,14.156,20.76925,5.0706609776241125
1964-03-01,17.057000000000002,20.871416666666665,4.97353780172137
1964-04-01,17.986,20.796166666666668,5.012933850339411
1964-05-01,20.498,20.7335,5.01144487421269
1964-06-01,24.313,20.738166666666668,5.015049022389473
1964-07-01,25.547,20.637333333333334,4.893728813182194
1964-08-01,26.514,20.559666666666665,4.781966908621538
1964-09-01,24.593000000000004,20.425250000000002,4.629050229013202
1964-10-01,23.036,20.318416666666668,4.545074446001613
1964-11-01,19.61,20.250583333333335,4.549427625503769
1964-12-01,16.178,20.2175,4.579927520268087
1965-01-01,14.188,20.306333333333335,4.437926938915445
1965-02-01,14.835,20.362916666666667,4.3559532817081665
1965-03-01,17.090999999999998,20.36575,4.353617892052529
1965-04-01,18.56900000000001,20.414333333333335,4.327823856551146
1965-05-01,20.745,20.43491666666667,4.328845205202649
1965-06-01,25.379,20.52375,4.4255214613133855
1965-07-01,26.123,20.57175,4.487645204032137
1965-08-01,26.402,20.562416666666667,4.474259602707933
1965-09-01,25.391,20.628916666666665,4.54498261739516
1965-10-01,22.299,20.5675,4.51437502973455
1965-11-01,19.226,20.535500000000003,4.52313174893035
1965-12-01,15.959,20.51725,4.542711227389923
1966-01-01,14.576,20.549583333333334,4.494693628113708
1966-02-01,15.568,20.610666666666667,4.4142322988124105
1966-03-01,16.336000000000002,20.547750000000004,4.473935975585286
1966-04-01,19.435,20.619916666666665,4.44601352507518
1966-05-01,21.373,20.672250000000002,4.451312597527724
1966-06-01,24.676,20.613666666666667,4.387910630011692
1966-07-01,26.008000000000003,20.60408333333333,4.374890470490409
1966-08-01,27.052,20.65825,4.456465336503187
1966-09-01,25.359,20.655583333333336,4.453384401641947
1966-10-01,24.271,20.819916666666668,4.554770854596169
1966-11-01,22.196,21.06741666666667,4.540957777592601
1966-12-01,16.134,21.082,4.523307317760869
1967-01-01,13.383,20.982583333333334,4.689362826621214
1967-02-01,13.823,20.837166666666665,4.89507665151858
1967-03-01,14.758,20.705666666666666,5.04586048762805
1967-04-01,18.248,20.60675,5.084521129234914
1967-05-01,20.946,20.571166666666667,5.080163416006738
1967-06-01,24.281,20.53825,5.052352001790841
1967-07-01,25.778,20.51908333333333,5.030102790533534
1967-08-01,26.778,20.49625,4.998272940362855
1967-09-01,25.306,20.491833333333332,4.993606636733028
1967-10-01,22.804,20.369583333333335,4.909932909342277
1967-11-01,19.239,20.123166666666666,4.884070765501267
1967-12-01,15.98,20.110333333333333,4.8956940511457745
1968-01-01,13.383,20.110333333333333,4.8956940511457745
1968-02-01,14.711,20.184333333333335,4.797750899845633
1968-03-01,15.603000000000002,20.254749999999998,4.716379295507392
1968-04-01,19.333,20.345166666666668,4.684704760918194
1968-05-01,22.774,20.4975,4.73546398801829
1968-06-01,25.807,20.624666666666666,4.865020533140503
1968-07-01,26.77,20.707333333333334,4.967887283403879
1968-08-01,26.424,20.677833333333332,4.929464157369216
1968-09-01,25.12,20.662333333333333,4.913856295921728
1968-10-01,22.236,20.615,4.894046717464717
1968-11-01,19.462,20.633583333333334,4.8887674122017675
1968-12-01,15.957,20.631666666666664,4.890761835678899
1969-01-01,13.382,20.631583333333335,4.890896579980046
1969-02-01,16.024,20.741,4.759320195917967
1969-03-01,18.029,20.943166666666666,4.568945170353534
1969-04-01,17.180999999999997,20.763833333333334,4.6788032236951915
1969-05-01,21.573,20.663749999999997,4.644615418564118
1969-06-01,25.575,20.644416666666668,4.621686497733618
1969-07-01,25.266,20.519083333333334,4.457961284108013
1969-08-01,26.04,20.487083333333334,4.412871657452935
1969-09-01,26.237,20.580166666666667,4.529714517059602
1969-10-01,23.373,20.674916666666668,4.579121123660239
1969-11-01,20.197,20.736166666666666,4.566320098550269
1969-12-01,16.142,20.751583333333333,4.548997421177407
1970-01-01,15.604,20.93675,4.257640920104156
1970-02-01,15.691,20.909,4.293505751290377
1970-03-01,17.649,20.877333333333333,4.318009586357897
1970-04-01,19.304,21.05425,4.194522166414831
1970-05-01,21.293000000000003,21.030916666666666,4.19215224520408
1970-06-01,23.933000000000003,20.89408333333333,4.054898932903325
1970-07-01,25.859,20.9435,4.116173167573792
1970-08-01,26.711,20.99941666666667,4.195494563074513
1970-09-01,25.34,20.924666666666667,4.100612533697261
1970-10-01,21.884,20.800583333333332,4.041899631211517
1970-11-01,19.606,20.75133333333333,4.053506772106723
1970-12-01,14.822,20.641333333333332,4.205039494643905
1971-01-01,16.179000000000002,20.68925,4.145271876707015
1971-02-01,14.956,20.628,4.2303954468067815
1971-03-01,17.077,20.580333333333336,4.27004999615893
1971-04-01,17.558,20.434833333333334,4.346555853532621
1971-05-01,22.163,20.507333333333335,4.369367133981197
1971-06-01,24.361,20.543000000000003,4.401501293463805
1971-07-01,25.398000000000003,20.504583333333333,4.35262521533286
1971-08-01,26.763,20.508916666666668,4.359386475981409
1971-09-01,25.283,20.504166666666666,4.353671279054095
1971-10-01,21.995,20.513416666666668,4.356986102974746
1971-11-01,18.926,20.456750000000003,4.37424861339843
1971-12-01,15.457,20.509666666666668,4.303149487892725
1972-01-01,14.129,20.338833333333334,4.525644862805999
1972-02-01,14.511,20.301750000000002,4.575312411091817
1972-03-01,16.410999999999998,20.24625,4.621789109011977
1972-04-01,19.97300000000001,20.4475,4.54604962377426
1972-05-01,21.025,20.352666666666668,4.518797956281834
1972-06-01,24.309,20.348333333333333,4.51462770705772
1972-07-01,25.74,20.376833333333334,4.550341502335698
1972-08-01,27.057,20.401333333333334,4.588483455810027
1972-09-01,26.665,20.5165,4.737084594404596
1972-10-01,23.479,20.64016666666667,4.798168188975547
1972-11-01,19.506,20.6885,4.782225908127255
1972-12-01,15.645,20.704166666666666,4.763801820802236
1973-01-01,13.819,20.678333333333335,4.803375523966696
1973-02-01,15.915,20.795333333333335,4.654281085650322
1973-03-01,15.854,20.74891666666667,4.704487209198795
1973-04-01,17.94,20.5795,4.7711037507059
1973-05-01,21.359,20.607333333333333,4.774911657123432
1973-06-01,24.19,20.597416666666668,4.766641460253327
1973-07-01,26.733,20.680166666666665,4.871499933907473
1973-08-01,26.394,20.624916666666667,4.795773564643482
1973-09-01,25.661,20.54125,4.688374522058879
1973-10-01,23.739,20.562916666666666,4.703760670672947
1973-11-01,18.34,20.46575,4.739485954577382
1973-12-01,16.503,20.53725,4.66605155496982
1974-01-01,13.271,20.491583333333335,4.739878104653073
1974-02-01,14.861,20.40375,4.841080516597686
1974-03-01,17.316000000000006,20.525583333333334,4.733368211832646
1974-04-01,19.213,20.631666666666668,4.684162005841557
1974-05-01,20.977,20.599833333333333,4.680065963663582
1974-06-01,24.127,20.594583333333333,4.67570576993138
1974-07-01,26.138,20.544999999999998,4.607348636097051
1974-08-01,26.297,20.536916666666666,4.596225674068844
1974-09-01,25.692,20.5395,4.599375145307526
1974-10-01,24.31,20.587083333333336,4.638274257019871
1974-11-01,19.556,20.68841666666667,4.59782554254692
1974-12-01,14.892,20.55416666666667,4.752075658131504
1975-01-01,13.806,20.59875,4.679489465645886
1975-02-01,14.419,20.56191666666667,4.730222874978471
1975-03-01,16.765,20.516000000000002,4.767126006687495
1975-04-01,19.659,20.553166666666666,4.757773139024616
1975-05-01,21.354,20.58458333333333,4.76206900141549
1975-06-01,24.298,20.598833333333335,4.773874200142667
1975-07-01,25.774,20.5685,4.736488582368693
1975-08-01,25.98,20.542083333333334,4.702396013220432
1975-09-01,25.304,20.50975,4.664951273739473
1975-10-01,22.908,20.392916666666668,4.577865490266134
1975-11-01,19.532,20.390916666666666,4.578269590901086
1975-12-01,15.593,20.449333333333332,4.505623220605614
1976-01-01,13.831,20.451416666666667,4.502276726246052
1976-02-01,13.16,20.3465,4.667275524134151
1976-03-01,15.995,20.282333333333334,4.725915694499326
1976-04-01,18.558000000000003,20.190583333333333,4.749744824884285
1976-05-01,21.761,20.2245,4.7602492390821
1976-06-01,23.594,20.165833333333335,4.709550525423317
1976-07-01,25.516,20.144333333333332,4.682129766624911
1976-08-01,25.507,20.104916666666668,4.630239292036109
1976-09-01,24.717,20.056,4.573067460687618
1976-10-01,23.447,20.100916666666667,4.606153719029927
1976-11-01,20.256,20.16125,4.60276474474358
1976-12-01,16.253999999999998,20.21633333333333,4.546738697998674
1977-01-01,14.115,20.24,4.511079552310358
1977-02-01,16.159000000000002,20.48991666666667,4.151964342514883
1977-03-01,15.753,20.46975,4.176297950120622
1977-04-01,18.519,20.4665,4.177935777825726
1977-05-01,22.238000000000003,20.50625,4.1936113992812585
1977-06-01,24.848000000000003,20.61075,4.2920189384696
1977-07-01,26.664,20.706416666666666,4.422116162660192
1977-08-01,27.084,20.837833333333332,4.597696554369427
1977-09-01,25.625,20.913500000000003,4.674177370501572
1977-10-01,21.675,20.765833333333333,4.614471994484167
1977-11-01,20.102,20.753,4.616232604033873
1977-12-01,14.864,20.63716666666667,4.754748341172084
1978-01-01,14.009,20.628333333333334,4.76804656653078
1978-02-01,15.932,20.609416666666668,4.78779946527597
1978-03-01,16.484,20.670333333333335,4.724626109946455
1978-04-01,18.770000000000003,20.69125,4.714781323859896
1978-05-01,22.554,20.717583333333334,4.725076939408841
1978-06-01,24.418000000000003,20.681750000000005,4.69242335385652
1978-07-01,26.409,20.660500000000003,4.66335681866418
1978-08-01,25.51,20.529333333333334,4.4849820782723455
1978-09-01,24.91,20.46975,4.415340265380552
1978-10-01,23.826,20.649,4.511336689637853
1978-11-01,18.32,20.500500000000002,4.5600453646068715
1978-12-01,16.217,20.61325,4.422667235647808
1979-01-01,14.56,20.659166666666668,4.350133306908959
1979-02-01,16.247,20.68541666666667,4.319860045256786
1979-03-01,17.722,20.788583333333335,4.224122446966896
1979-04-01,19.704,20.866416666666666,4.1920298935942455
1979-05-01,21.46,20.77525,4.1637933780934
1979-06-01,25.381,20.8555,4.2487961182604845
1979-07-01,26.09,20.828916666666668,4.21172714428163
1979-08-01,26.53,20.91391666666667,4.323594999499476
1979-09-01,25.311,20.947333333333336,4.358695287131289
1979-10-01,23.852,20.9495,4.360262512947826
1979-11-01,20.628,21.141833333333334,4.283965534054821
1979-12-01,15.300999999999998,21.0655,4.386626338812499
1980-01-01,13.695,20.99341666666667,4.508656168634907
1980-02-01,14.104,20.814833333333333,4.749743262599145
1980-03-01,16.179000000000002,20.686249999999998,4.860673356364592
1980-04-01,18.342,20.572750000000003,4.901425639082414
1980-05-01,21.28,20.557750000000002,4.8987382072047065
1980-06-01,23.999,20.442583333333335,4.790077783736119
1980-07-01,26.096,20.443083333333334,4.790721134904864
1980-08-01,26.706,20.45775,4.811275471129336
1980-09-01,24.905,20.423916666666667,4.775337674082855
1980-10-01,23.327,20.380166666666668,4.743373537383643
1980-11-01,20.824,20.3965,4.744641791249643
1980-12-01,15.853,20.4425,4.6931455142773615
1981-01-01,12.954,20.38075,4.793792219204853
1981-02-01,14.237,20.391833333333334,4.778089021457176
1981-03-01,17.234,20.47975,4.702636361659266
1981-04-01,19.576,20.582583333333332,4.664981427583273
1981-05-01,21.008000000000003,20.559916666666666,4.6619445115517815
1981-06-01,24.839,20.629916666666666,4.72416854557176
1981-07-01,26.116,20.631583333333335,4.726275324922322
1981-08-01,26.612,20.62375,4.715357619234477
1981-09-01,25.22,20.650000000000002,4.742158273498365
1981-10-01,24.223000000000003,20.724666666666668,4.79490083949668
1981-11-01,18.637,20.542416666666664,4.832199940518958
1981-12-01,16.511,20.597250000000003,4.777573844631708
1982-01-01,15.082,20.774583333333336,4.499481555151818
1982-02-01,13.436,20.707833333333337,4.609871026263944
1982-03-01,15.024,20.523666666666667,4.801434015589563
1982-04-01,19.327,20.502916666666668,4.806437226325333
1982-05-01,20.764,20.482583333333334,4.804622025779548
1982-06-01,23.952,20.408666666666665,4.7378672097231265
1982-07-01,25.311,20.341583333333332,4.654679550699154
1982-08-01,26.398000000000003,20.32375,4.628809981076023
1982-09-01,25.642,20.358916666666666,4.670802723658242
1982-10-01,23.967,20.337583333333335,4.652096720997433
1982-11-01,18.175,20.299083333333332,4.66932970580522
1982-12-01,14.876,20.16283333333333,4.811600826663764
1983-01-01,12.31,19.931833333333334,5.13347587070899
1983-02-01,13.050999999999998,19.89975,5.178767703983071
1983-03-01,14.746,19.876583333333333,5.203126201155554
1983-04-01,17.879,19.755916666666668,5.233730782292404
1983-05-01,21.562,19.822416666666665,5.252739154839862
1983-06-01,23.983,19.825,5.254961897621565
1983-07-01,25.969,19.879833333333334,5.320435129732988
1983-08-01,26.115,19.85625,5.289453161717183
1983-09-01,25.091,19.810333333333336,5.2367917543843365
1983-10-01,21.902,19.63825,5.120419960138202
1983-11-01,20.109,19.799416666666666,5.10057496684679
1983-12-01,15.72,19.86975,5.031869002576558
1984-01-01,14.48,20.050583333333336,4.767541189378876
1984-02-01,15.195,20.22925,4.514858300907419
1984-03-01,16.652,20.388083333333334,4.334338063299816
1984-04-01,18.279000000000003,20.42141666666667,4.3147816853722905
1984-05-01,22.519,20.501166666666666,4.346507016263076
1984-06-01,23.593000000000004,20.468666666666667,4.319479668439303
1984-07-01,25.399,20.421166666666668,4.256165534915901
1984-08-01,25.641,20.381666666666668,4.200352741320073
1984-09-01,25.621,20.425833333333333,4.256780469991008
1984-10-01,23.836,20.587,4.353268907593245
1984-11-01,19.338,20.52275,4.366634154690428
1984-12-01,15.511,20.505333333333336,4.38789681102944
1985-01-01,15.845,20.619083333333332,4.232437712763668
1985-02-01,14.211,20.53708333333333,4.3548403886487
1985-03-01,16.51,20.52525,4.366534201379634
1985-04-01,19.247000000000003,20.60591666666667,4.330053840906764
1985-05-01,22.533,20.607083333333335,4.330618000372628
1985-06-01,24.902,20.716166666666666,4.428057194205086
1985-07-01,25.638,20.736083333333333,4.4515099676878345
1985-08-01,26.966,20.846500000000002,4.598247719611135
1985-09-01,25.267,20.817,4.565853798479625
1985-10-01,21.799,20.647250000000003,4.480476965782661
1985-11-01,20.687,20.759666666666668,4.461524471081663
1985-12-01,16.519000000000002,20.843666666666667,4.3621021482210915
1986-01-01,15.056,20.777916666666666,4.4493699954106445
1986-02-01,15.762,20.90716666666667,4.259752293979137
1986-03-01,16.933,20.94241666666667,4.221636917731252
1986-04-01,19.607000000000006,20.972416666666668,4.209755995052291
1986-05-01,20.114,20.770833333333332,4.1860844111137565
1986-06-01,24.862,20.767500000000002,4.18251015322355
1986-07-01,25.984,20.796333333333333,4.22016187395983
1986-08-01,26.79,20.781666666666666,4.197013014326277
1986-09-01,26.374,20.873916666666666,4.315068280473835
1986-10-01,22.597,20.940416666666668,4.336715629018071
1986-11-01,18.302,20.741666666666667,4.4035226670005665
1986-12-01,14.699000000000002,20.59,4.589593010278787
1987-01-01,14.496,20.543333333333333,4.653381474961519
1987-02-01,15.593,20.52925,4.6693957390846315
1987-03-01,14.312,20.310833333333335,4.908105871150717
1987-04-01,17.312,20.119583333333335,4.982179487630848
1987-05-01,20.907,20.185666666666666,4.987355162323153
1987-06-01,23.668000000000003,20.086166666666667,4.896664687377108
1987-07-01,26.279,20.11075,4.929595873626216
1987-08-01,26.959,20.124833333333335,4.950609123832096
1987-09-01,25.616,20.061666666666667,4.867767685749201
1987-10-01,22.298,20.03675,4.854357051800323
1987-11-01,19.01,20.09575,4.83562247802699
1987-12-01,16.123,20.21441666666667,4.706905400257115
1988-01-01,14.455,20.211,4.711446351946781
1988-02-01,14.411,20.1125,4.8276913643159505
1988-03-01,15.873,20.242583333333332,4.67582897770949
1988-04-01,18.979000000000006,20.381500000000003,4.605075194332277
1988-05-01,22.697,20.530666666666665,4.652392098955563
1988-06-01,25.395,20.674583333333334,4.783139031266408
1988-07-01,27.397,20.76775,4.91139536042086
1988-08-01,27.414,20.805666666666667,4.965001681466947
1988-09-01,26.091,20.845250000000004,5.008540871260893
1988-10-01,22.1,20.828750000000003,5.003643638299077
1988-11-01,17.534000000000002,20.70575,5.070116766182726
1988-12-01,15.251,20.633083333333335,5.147428827859468
1989-01-01,12.613,20.479583333333334,5.371021021240372
1989-02-01,13.68,20.41866666666667,5.449675842458769
1989-03-01,16.229,20.448333333333334,5.423587328987283
1989-04-01,20.623,20.585333333333335,5.403825536066309
1989-05-01,22.246,20.54775,5.389352822084391
1989-06-01,24.09,20.439,5.29499030817208
1989-07-01,25.898000000000003,20.314083333333333,5.131062382610674
1989-08-01,26.69,20.25375,5.043498319168397
1989-09-01,25.685,20.219916666666666,5.001971256111894
1989-10-01,22.35,20.240750000000002,5.0110261537569585
1989-11-01,19.414,20.39741666666667,4.947696442116597
1989-12-01,15.992,20.459166666666665,4.881812588733313
1990-01-01,14.204,20.59175,4.66619247401405
1990-02-01,14.382,20.65025,4.575175249996629
1990-03-01,16.038,20.634333333333334,4.592255067617707
1990-04-01,19.270000000000003,20.521583333333336,4.609137159605961
1990-05-01,21.152,20.43041666666667,4.5826716594011705
1990-06-01,24.102,20.431416666666667,4.583544052731819
1990-07-01,26.31,20.465750000000003,4.629526779763278
1990-08-01,26.253,20.429333333333332,4.5775416255161705
1990-09-01,25.12,20.382250000000003,4.521126973845819
1990-10-01,23.5,20.478083333333334,4.578453459775825
1990-11-01,21.27,20.63275,4.570581763746362
1990-12-01,17.169,20.730833333333333,4.473537888788263
1991-01-01,14.682,20.770666666666667,4.411840933696763
1991-02-01,15.14,20.833833333333335,4.3164506638363465
1991-03-01,17.634,20.966833333333334,4.177601069629508
1991-04-01,19.617,20.995749999999997,4.16597287829952
1991-05-01,21.396,21.016083333333334,4.167400049700333
1991-06-01,24.377,21.038999999999998,4.186624068495881
1991-07-01,25.581,20.97825,4.107731825472534
1991-08-01,26.685,21.01425,4.159725998952762
1991-09-01,25.123,21.0145,4.159995268791006
1991-10-01,23.894,21.047333333333334,4.182887657051653
1991-11-01,19.771,20.922416666666667,4.197989095622999
1991-12-01,13.771,20.63925,4.572115685424963
1992-01-01,13.421,20.534166666666668,4.733137107541653
1992-02-01,12.392,20.30516666666667,5.072179087627878
1992-03-01,15.22,20.104,5.233069497306167
1992-04-01,17.715000000000003,19.9455,5.277773850609901
1992-05-01,20.684,19.886166666666664,5.2639688765543795
1992-06-01,24.87,19.92725,5.303976280712753
1992-07-01,25.872,19.9515,5.332762502595701
1992-08-01,27.006,19.97825,5.370282506958578
1992-09-01,25.201,19.984750000000002,5.377118476808579
1992-10-01,23.985,19.99233333333333,5.383193616725239
1992-11-01,20.167,20.025333333333332,5.382927225511355
1992-12-01,14.552,20.090416666666666,5.30458483438161
1993-01-01,13.622,20.107166666666668,5.281879414707895
1993-02-01,13.161,20.17125,5.18351325445308
1993-03-01,15.135000000000002,20.164166666666667,5.190947029262186
1993-04-01,18.915000000000006,20.264166666666668,5.150880257222283
1993-05-01,20.818,20.275333333333332,5.152018286481745
1993-06-01,24.813,20.270583333333335,5.147421268916781
1993-07-01,26.269,20.30366666666667,5.187812664546024
1993-08-01,27.167,20.317083333333333,5.206895034616602
1993-09-01,25.897,20.375083333333333,5.269740160203393
1993-10-01,25.348000000000003,20.488666666666667,5.368386948073165
1993-11-01,20.162,20.48825,5.368414377804499
1993-12-01,17.573,20.740000000000002,5.130281615520279
1994-01-01,15.813,20.922583333333332,4.887154302274724
1994-02-01,14.953,21.071916666666667,4.650055648901282
1994-03-01,15.975,21.141916666666667,4.5579697724940695
1994-04-01,20.200000000000006,21.249,4.515794705052674
1994-05-01,22.159,21.36075,4.520749156037984
1994-06-01,24.133000000000003,21.304083333333335,4.477597863675102
1994-07-01,26.393,21.314416666666666,4.490222741151209
1994-08-01,27.139,21.312083333333334,4.486911034195779
1994-09-01,26.845,21.39108333333333,4.582306792203982
1994-10-01,25.613000000000003,21.41316666666667,4.603698411126214
1994-11-01,19.212,21.334000000000003,4.6352300913762585
1994-12-01,14.722,21.096416666666666,4.910425003978465
1995-01-01,14.072,20.951333333333334,5.102676291254744
1995-02-01,15.212000000000002,20.972916666666666,5.075473223943717
1995-03-01,16.758,21.03816666666667,5.0099897810335445
1995-04-01,17.575000000000006,20.819416666666665,5.106295178205977
1995-05-01,20.774,20.704,5.088887018878391
1995-06-01,26.106,20.86841666666667,5.239393189332536
1995-07-01,26.826,20.904500000000002,5.282215487325879
1995-08-01,27.255,20.914166666666667,5.294753352197436
1995-09-01,26.472,20.883083333333335,5.257736091760976
1995-10-01,22.893,20.65641666666667,5.091283075616647
1995-11-01,18.011999999999997,20.556416666666667,5.133839577801975
1995-12-01,15.533,20.624,5.054780671440012
1996-01-01,14.375,20.64925,5.019711420988252
1996-02-01,15.41,20.66575,5.000502849714207
1996-03-01,16.247,20.623166666666666,5.038834620557936
1996-04-01,17.747000000000003,20.6375,5.029611832121649
1996-05-01,22.321,20.766416666666668,5.0531992828726
1996-06-01,24.411,20.62516666666667,4.91209519883564
1996-07-01,26.153,20.569083333333335,4.838147043094698
1996-08-01,27.048,20.551833333333335,4.812442619886171
1996-09-01,26.636,20.5655,4.830980636381273
1996-10-01,22.726,20.551583333333333,4.823901598165927
1996-11-01,20.638,20.770416666666666,4.757325651672431
1996-12-01,16.502,20.851166666666668,4.667724982810303
1997-01-01,15.611,20.95416666666667,4.523228188188628
1997-02-01,13.963,20.833583333333333,4.7002869246719765
1997-03-01,15.25,20.7505,4.796556444708291
1997-04-01,17.01,20.689083333333333,4.8430039036331545
1997-05-01,21.87,20.6515,4.830923278967762
1997-06-01,24.962,20.697416666666665,4.872345775502854
1997-07-01,27.057,20.77275,4.970367612616331
1997-08-01,26.489,20.726166666666668,4.908441778912082
1997-09-01,25.079,20.596416666666666,4.7562381517393035
1997-10-01,22.944000000000003,20.614583333333332,4.765518925446397
1997-11-01,19.975,20.55933333333333,4.769064751716054
1997-12-01,15.987,20.516416666666668,4.811028437744655
1998-01-01,14.784,20.4475,4.892911709810416
1998-02-01,15.481000000000002,20.574,4.72682663104962
1998-03-01,15.294,20.57766666666667,4.722336215617565
1998-04-01,19.758000000000006,20.80666666666667,4.598610152353997
1998-05-01,21.914,20.810333333333336,4.599552514466298
1998-06-01,24.636,20.783166666666666,4.573692060098272
1998-07-01,26.933000000000003,20.772833333333335,4.558343336092278
1998-08-01,28.463,20.937333333333335,4.811943593966483
1998-09-01,27.023000000000003,21.099333333333337,4.993357593904727
1998-10-01,24.21,21.204833333333337,5.048939669661219
1998-11-01,20.554,21.253083333333336,5.038874936807604
1998-12-01,16.474999999999998,21.293750000000003,4.994282806369696
1999-01-01,14.992,21.311083333333332,4.9699375422878695
1999-02-01,14.997000000000002,21.270750000000003,5.023230817005033
1999-03-01,17.162000000000006,21.426416666666668,4.847031208675962
1999-04-01,18.986,21.362083333333334,4.876224143896086
1999-05-01,22.633000000000003,21.422,4.888025423977919
1999-06-01,25.148000000000003,21.46466666666667,4.920755232746903
1999-07-01,26.99,21.46941666666667,4.926537793297423
1999-08-01,27.91,21.423333333333332,4.857271425087305
1999-09-01,26.685,21.395166666666668,4.822704745327669
1999-10-01,24.334,21.4055,4.829412396028014
1999-11-01,20.827,21.428250000000002,4.825678136518502
1999-12-01,16.868,21.461,4.790209598754522
2000-01-01,13.579,21.34325,4.977392254895213
2000-02-01,14.3,21.285166666666665,5.061537384725083
2000-03-01,15.266000000000002,21.127166666666668,5.228775831585212
2000-04-01,19.556,21.174666666666667,5.210112183983845
2000-05-01,21.828000000000003,21.107583333333334,5.194788165395512
2000-06-01,24.619,21.0635,5.159508653491578
2000-07-01,27.091,21.071916666666667,5.170126857215101
2000-08-01,26.93,20.99025,5.058836124230365
2000-09-01,25.939,20.928083333333333,4.986560345903101
2000-10-01,22.842,20.803749999999997,4.911960618086862
2000-11-01,20.524,20.778499999999998,4.912608980979446
2000-12-01,16.46,20.7445,4.943448897278083
2001-01-01,15.312,20.888916666666667,4.736050799373074
2001-02-01,15.403,20.980833333333333,4.605451548946844
2001-03-01,18.834,21.278166666666667,4.308561367858881
2001-04-01,19.709000000000003,21.290916666666668,4.303224868067139
2001-05-01,22.533,21.349666666666668,4.316017531629508
2001-06-01,24.652,21.35241666666667,4.318299906599039
2001-07-01,27.094,21.352666666666668,4.318662405154739
2001-08-01,28.246,21.462333333333333,4.486610085644395
2001-09-01,26.963,21.547666666666668,4.588085148875649
2001-10-01,23.599,21.61075,4.612637721521165
2001-11-01,19.744,21.54575,4.634786689707615
2001-12-01,15.366,21.454583333333336,4.753165881969101
2002-01-01,13.399,21.295166666666667,5.003404056391518
2002-02-01,15.941,21.34,4.947909806630007
2002-03-01,17.495,21.228416666666668,5.024073907576183
2002-04-01,18.956000000000003,21.165666666666667,5.049414949608842
2002-05-01,21.926,21.115083333333335,5.0374985397396115
2002-06-01,24.895,21.13533333333333,5.053472043750676
2002-07-01,28.197,21.22725,5.180149350690044
2002-08-01,28.157,21.219833333333334,5.169238942283882
2002-09-01,27.246,21.243416666666665,5.198386033766687
2002-10-01,24.016,21.278166666666667,5.216924779169726
2002-11-01,20.899,21.374416666666665,5.19666218851246
2002-12-01,16.347,21.456166666666665,5.1003736731793055
2003-01-01,16.085,21.680000000000003,4.7623734342523685
2003-02-01,13.814,21.502750000000002,5.027587820760022
2003-03-01,15.157,21.307916666666667,5.237921125761337
2003-04-01,18.846,21.298750000000002,5.242505544714624
2003-05-01,23.266,21.410416666666666,5.271272960944807
2003-06-01,25.533,21.463583333333332,5.312668880025164
2003-07-01,27.227,21.38275,5.207238146430055
2003-08-01,27.841,21.356416666666664,5.170535658171617
2003-09-01,26.285,21.276333333333334,5.07763017976144
2003-10-01,23.98,21.273333333333333,5.075874691005268
2003-11-01,20.731,21.259333333333334,5.077232519848388
2003-12-01,15.892,21.221416666666666,5.118781699128542
2004-01-01,13.955,21.043916666666668,5.345015918988676
2004-02-01,15.055,21.147333333333332,5.202518923705621
2004-03-01,17.338,21.329083333333333,5.008708460967723
2004-04-01,18.936,21.336583333333333,5.004718091385606
2004-05-01,21.635,21.200666666666667,4.9695798127358275
2004-06-01,24.368,21.103583333333333,4.8879605797088646
2004-07-01,27.156,21.09766666666667,4.879910959197607
2004-08-01,27.301,21.052666666666667,4.81412071332078
2004-09-01,25.897,21.020333333333333,4.776943190202723
2004-10-01,24.121,21.032083333333333,4.785051523581879
2004-11-01,20.858,21.042666666666666,4.784465474720014
2004-12-01,16.15,21.06416666666667,4.759731482749706
2005-01-01,14.989,21.150333333333332,4.626836585387334
2005-02-01,14.617,21.113833333333336,4.680706567356782
2005-03-01,17.123,21.095916666666664,4.696857120522828
2005-04-01,18.904000000000003,21.093249999999998,4.698203798455119
2005-05-01,21.842,21.1105,4.70075304412156
2005-06-01,24.595,21.129416666666668,4.715487161921063
2005-07-01,27.064,21.12175,4.7048609123485665
2005-08-01,27.88,21.169999999999998,4.776417010118085
2005-09-01,26.702,21.237083333333334,4.853866752082266
2005-10-01,23.157,21.15675,4.809572937476781
2005-11-01,19.399,21.035166666666665,4.836179499513545
2005-12-01,16.715999999999998,21.082333333333334,4.7867108147706565
2006-01-01,14.380999999999998,21.03166666666667,4.859732097616698
2006-02-01,15.274,21.08641666666667,4.784005196453795
2006-03-01,17.107,21.085083333333333,4.785212324696177
2006-04-01,19.486,21.133583333333334,4.763998921042796
2006-05-01,21.543000000000003,21.108666666666668,4.760737726127081
2006-06-01,25.403,21.176,4.819875837706719
2006-07-01,26.799,21.153916666666667,4.790966565192021
2006-08-01,28.105,21.172666666666668,4.820034992957342
2006-09-01,26.655,21.16875,4.815150127462274
2006-10-01,23.752,21.218333333333334,4.840481931929225
2006-11-01,19.154,21.197916666666668,4.8493618597677
2006-12-01,16.119,21.148166666666665,4.902295674353785
2007-01-01,14.677,21.172833333333333,4.865758687610859
2007-02-01,15.367,21.180583333333335,4.855572514850298
2007-03-01,17.135,21.182916666666667,4.853443266164625
2007-04-01,18.729000000000006,21.119833333333336,4.882337868337872
2007-05-01,22.624,21.20991666666667,4.9007932652569455
2007-06-01,25.751,21.238916666666668,4.928810652375444
2007-07-01,27.719,21.315583333333333,5.029290017818945
2007-08-01,28.092,21.3145,5.027695740052834
2007-09-01,26.472,21.29925,5.010271669734627
2007-10-01,24.387,21.352166666666665,5.041785935979668
2007-11-01,20.753,21.485416666666666,4.999360476525211
2007-12-01,16.387,21.50775,4.9737410124664585
2008-01-01,14.02,21.453000000000003,5.0586593624649705
2008-02-01,14.4,21.372416666666666,5.1708788501891325
2008-03-01,19.03,21.530333333333335,5.057396317785613
2008-04-01,20.027,21.638499999999997,5.0056511246608215
2008-05-01,22.429,21.622249999999998,5.0024765344050035
2008-06-01,26.202,21.659833333333335,5.037884383409968
2008-07-01,27.484,21.640249999999998,5.0125831142508455
2008-08-01,28.138,21.644083333333338,5.0179802611723305
2008-09-01,27.144,21.700083333333335,5.080122197140416
2008-10-01,23.322,21.611333333333334,5.038042825855244
2008-11-01,21.191,21.647833333333335,5.032842931156996
2008-12-01,17.480999999999998,21.739,4.937895981819859
2009-01-01,15.800999999999998,21.887416666666667,4.706123060986773
2009-02-01,15.592,21.98675,4.543486789300202
2009-03-01,16.57,21.781750000000002,4.740257993074752
2009-04-01,19.384,21.728166666666667,4.765463896780159
2009-05-01,22.016,21.693749999999998,4.761431929863878
2009-06-01,26.439,21.7135,4.782277633475115
2009-07-01,27.663,21.728416666666664,4.8021508714766785
2009-08-01,27.372,21.664583333333336,4.7134773972346995
2009-09-01,26.672,21.625249999999998,4.66531895284965
2009-10-01,24.764,21.745416666666667,4.731103282021171
2009-11-01,20.336,21.674166666666665,4.746624443334503
2009-12-01,17.436999999999998,21.6705,4.7501737097423335
2010-01-01,16.259,21.70866666666667,4.700304387306561
2010-02-01,17.587,21.874916666666667,4.495091574723645
2010-03-01,18.638,22.047250000000002,4.309012059836706
2010-04-01,20.169,22.112666666666666,4.270692988972703
2010-05-01,22.658,22.16616666666667,4.273392325740403
2010-06-01,25.726,22.10675,4.213114225519257
2010-07-01,27.379,22.083083333333335,4.179730645047778
2010-08-01,28.806,22.202583333333337,4.361247078913706
2010-09-01,27.416,22.264583333333334,4.435222008552844
2010-10-01,25.336,22.312250000000002,4.467482393005953
2010-11-01,21.916,22.443916666666667,4.427042978996115
2010-12-01,17.625,22.45958333333333,4.408005144740716
2011-01-01,15.637,22.407749999999997,4.490431972032819
2011-02-01,16.238,22.295333333333332,4.636596583571605
2011-03-01,16.533,22.11991666666667,4.82359214426784
2011-04-01,19.12,22.032500000000002,4.871430413413218
2011-05-01,21.994,21.977166666666665,4.8674490954677365
2011-06-01,24.874,21.906166666666667,4.8137121157515566
2011-07-01,27.402,21.908083333333334,4.816093314150595
2011-08-01,27.637,21.810666666666666,4.673597550132665
2011-09-01,26.842,21.762833333333333,4.6135645030976224
2011-10-01,23.233,21.58758333333333,4.504140225863578
2011-11-01,18.573,21.309,4.584644548529756
2011-12-01,16.095,21.1815,4.715809840795685
2012-01-01,13.46,21.000083333333333,4.9828125036940385
2012-02-01,13.98,20.811916666666665,5.216162616998213
2012-03-01,15.87,20.756666666666668,5.268850648055523
2012-04-01,19.841,20.81675,5.252576045488186
2012-05-01,22.903,20.892500000000002,5.2775921765344975
2012-06-01,25.492,20.944,5.322798324190008
2012-07-01,28.266,21.016,5.422995767185242
2012-08-01,28.613000000000003,21.097333333333335,5.537435414494415
2012-09-01,26.743,21.089083333333335,5.528164588694599
2012-10-01,24.938,21.231166666666667,5.6095873261494855
2012-11-01,21.762,21.496916666666664,5.5474041998091845
2012-12-01,16.762999999999998,21.55258333333333,5.491337847561429
2013-01-01,15.039,21.684166666666666,5.295210508878124
2013-02-01,16.083000000000002,21.859416666666664,5.045989685038521
2013-03-01,18.477,22.076666666666668,4.8155372650946395
2013-04-01,19.111,22.015833333333333,4.850828941968829
2013-05-01,23.647,22.07783333333333,4.867923466817025
2013-06-01,25.329,22.06425,4.857747366555071
2013-07-01,26.369,21.906166666666667,4.66460647922851
2013-08-01,27.453000000000003,21.8095,4.522848087011304
2013-09-01,27.453000000000003,21.868666666666666,4.59728541114375
